{"cameraMode":{"drawMode":0,"name":"Shaded","section":"Shading Mode"},"sceneLighting":false,"audioPlay":false,"sceneViewState":{"m_AlwaysRefresh":false,"showFog":true,"showSkybox":false,"showFlares":true,"showImageEffects":true,"showParticleSystems":true,"showVisualEffectGraphs":true,"m_FxEnabled":true},"in2DMode":false,"pivot":{"x":-0.12289786338806153,"y":-0.018277645111083986,"z":-0.05862569808959961},"rotation":{"x":0.3440437614917755,"y":-0.020831378176808358,"z":0.007637305185198784,"w":0.9386930465698242},"size":3.5274689197540285,"orthographic":false}