{"cameraMode":{"drawMode":0,"name":"Shaded","section":"Shading Mode"},"sceneLighting":false,"audioPlay":false,"sceneViewState":{"m_AlwaysRefresh":false,"showFog":true,"showSkybox":false,"showFlares":true,"showImageEffects":true,"showParticleSystems":true,"showVisualEffectGraphs":true,"m_FxEnabled":true},"in2DMode":false,"pivot":{"x":3.2996530532836916,"y":10.518562316894532,"z":0.4461463689804077},"rotation":{"x":0.22041290998458863,"y":-0.2212923765182495,"z":0.051421407610177997,"w":0.9485807418823242},"size":2.4292991161346437,"orthographic":false}